{"cameraMode":{"drawMode":0,"name":"Shaded","section":"Shading Mode"},"sceneLighting":false,"audioPlay":false,"sceneViewState":{"showFog":true,"showMaterialUpdate":true,"showSkybox":false,"showFlares":true,"showImageEffects":true,"showParticleSystems":true},"in2DMode":false,"pivot":{"x":-4.901744842529297,"y":8.547998428344727,"z":7.476567268371582},"rotation":{"x":-0.029595306143164636,"y":-0.9592640399932861,"z":-0.11007671803236008,"w":0.25994017720222475},"size":3.896374225616455,"orthographic":false}