{"cameraMode":{"drawMode":0,"name":"Shaded","section":"Shading Mode"},"sceneLighting":false,"audioPlay":false,"sceneViewState":{"showFog":true,"showMaterialUpdate":false,"showSkybox":false,"showFlares":true,"showImageEffects":true,"showParticleSystems":true},"in2DMode":false,"pivot":{"x":-0.7320981025695801,"y":0.09999990463256836,"z":-1.722057819366455},"rotation":{"x":-0.24064965546131135,"y":-0.23826460540294648,"z":0.061026718467473987,"w":-0.9392743706703186},"size":4.071388244628906,"orthographic":false}