{"cameraMode":{"drawMode":0,"name":"Shaded","section":"Shading Mode"},"sceneLighting":false,"audioPlay":false,"sceneViewState":{"showFog":true,"showMaterialUpdate":false,"showSkybox":false,"showFlares":true,"showImageEffects":true,"showParticleSystems":true},"in2DMode":false,"pivot":{"x":26.530000686645509,"y":2.5899999141693117,"z":-121.97602844238281},"rotation":{"x":0.03678728640079498,"y":-0.8172951936721802,"z":0.052721597254276279,"w":0.5732250213623047},"size":1.2247449159622193,"orthographic":false}