{"cameraMode":{"drawMode":0,"name":"Shaded","section":"Shading Mode"},"sceneLighting":true,"audioPlay":false,"sceneViewState":{"showFog":true,"showMaterialUpdate":true,"showSkybox":true,"showFlares":true,"showImageEffects":true,"showParticleSystems":true},"in2DMode":false,"pivot":{"x":34.41102981567383,"y":12.412047386169434,"z":-9.023849487304688},"rotation":{"x":-0.06707759946584702,"y":-0.13576145470142365,"z":0.00981281790882349,"w":-0.9888911247253418},"size":5.102902889251709,"orthographic":true}