{"cameraMode":{"drawMode":0,"name":"Shaded","section":"Shading Mode"},"sceneLighting":false,"audioPlay":false,"sceneViewState":{"showFog":true,"showMaterialUpdate":true,"showSkybox":false,"showFlares":true,"showImageEffects":true,"showParticleSystems":true},"in2DMode":false,"pivot":{"x":36.17246627807617,"y":3.050132989883423,"z":-19.41342544555664},"rotation":{"x":0.004548373632133007,"y":-0.9436540007591248,"z":0.012513421475887299,"w":0.3317880928516388},"size":3.831103563308716,"orthographic":false}