{"cameraMode":{"drawMode":0,"name":"Shaded","section":"Shading Mode"},"sceneLighting":true,"audioPlay":false,"sceneViewState":{"showFog":true,"showMaterialUpdate":false,"showSkybox":false,"showFlares":true,"showImageEffects":true,"showParticleSystems":true},"in2DMode":false,"pivot":{"x":-14.913370132446289,"y":3.7779030799865724,"z":-35.66951370239258},"rotation":{"x":-0.03805268555879593,"y":0.4863399863243103,"z":0.021270398050546647,"w":0.8728156089782715},"size":3.77931547164917,"orthographic":false}