{"cameraMode":{"drawMode":0,"name":"Shaded","section":"Shading Mode"},"sceneLighting":false,"audioPlay":false,"sceneViewState":{"showFog":true,"showMaterialUpdate":false,"showSkybox":false,"showFlares":true,"showImageEffects":true,"showParticleSystems":true},"in2DMode":false,"pivot":{"x":-28.405105590820314,"y":4.5429534912109379,"z":-0.026337135583162309},"rotation":{"x":-0.016332361847162248,"y":0.5543220639228821,"z":-0.011217279359698296,"w":-0.8321927785873413},"size":1.7893075942993165,"orthographic":false}