{"cameraMode":{"drawMode":0,"name":"Shaded","section":"Shading Mode"},"sceneLighting":true,"audioPlay":false,"sceneViewState":{"showFog":true,"showMaterialUpdate":false,"showSkybox":false,"showFlares":true,"showImageEffects":true,"showParticleSystems":true},"in2DMode":false,"pivot":{"x":-17.341341018676759,"y":1.3757266998291016,"z":-33.38261413574219},"rotation":{"x":0.002185777761042118,"y":-0.9898737668991089,"z":0.1419152021408081,"w":0.014999891631305218},"size":12.12435531616211,"orthographic":false}