{"cameraMode":{"drawMode":0,"name":"Shaded","section":"Shading Mode"},"sceneLighting":false,"audioPlay":false,"sceneViewState":{"showFog":true,"showMaterialUpdate":false,"showSkybox":false,"showFlares":true,"showImageEffects":true,"showParticleSystems":true},"in2DMode":false,"pivot":{"x":-1.7290167808532715,"y":1.3632882833480836,"z":-7.9597368240356449},"rotation":{"x":0.030901264399290086,"y":0.16103248298168183,"z":-0.005018121562898159,"w":0.9864839315414429},"size":0.3415035307407379,"orthographic":false}