{"cameraMode":{"drawMode":0,"name":"Shaded","section":"Shading Mode"},"sceneLighting":false,"audioPlay":false,"sceneViewState":{"showFog":true,"showMaterialUpdate":false,"showSkybox":false,"showFlares":true,"showImageEffects":true,"showParticleSystems":true},"in2DMode":false,"pivot":{"x":3.628657341003418,"y":5.0364789962768559,"z":4.282135963439941},"rotation":{"x":-0.007061732932925224,"y":-0.7399848699569702,"z":-0.007770045660436153,"w":0.6725515723228455},"size":2.4247446060180666,"orthographic":false}