{"cameraMode":{"drawMode":0,"name":"Shaded","section":"Shading Mode"},"sceneLighting":false,"audioPlay":false,"sceneViewState":{"showFog":true,"showMaterialUpdate":false,"showSkybox":false,"showFlares":true,"showImageEffects":true,"showParticleSystems":true},"in2DMode":false,"pivot":{"x":40.0,"y":2.990370512008667,"z":-21.65151023864746},"rotation":{"x":-0.1723644733428955,"y":-0.05204068496823311,"z":0.007061825133860111,"w":-0.9839781522750855},"size":3.831103563308716,"orthographic":false}