{"cameraMode":{"drawMode":0,"name":"Shaded","section":"Shading Mode"},"sceneLighting":true,"audioPlay":false,"sceneViewState":{"showFog":true,"showMaterialUpdate":false,"showSkybox":true,"showFlares":true,"showImageEffects":true,"showParticleSystems":true},"in2DMode":false,"pivot":{"x":57.9892692565918,"y":131.8592529296875,"z":403.8675537109375},"rotation":{"x":0.037293076515197757,"y":-0.006310989148914814,"z":0.002810724312439561,"w":0.9996557235717773},"size":5.291477203369141,"orthographic":false}