{"cameraMode":{"drawMode":0,"name":"Shaded","section":"Shading Mode"},"sceneLighting":true,"audioPlay":false,"sceneViewState":{"showFog":true,"showMaterialUpdate":false,"showSkybox":true,"showFlares":true,"showImageEffects":true,"showParticleSystems":true},"in2DMode":false,"pivot":{"x":-29.756418228149415,"y":1.2657809257507325,"z":-18.06450080871582},"rotation":{"x":0.001988372066989541,"y":0.9609758853912354,"z":0.006909938994795084,"w":-0.2765410840511322},"size":10.0,"orthographic":false}