{"cameraMode":{"drawMode":0,"name":"Shaded","section":"Shading Mode"},"sceneLighting":false,"audioPlay":false,"sceneViewState":{"showFog":true,"showMaterialUpdate":false,"showSkybox":false,"showFlares":true,"showImageEffects":true,"showParticleSystems":true},"in2DMode":false,"pivot":{"x":-0.7781219482421875,"y":0.09999990463256836,"z":-3.340876340866089},"rotation":{"x":-0.06753229349851608,"y":0.09036055207252503,"z":-0.007768289651721716,"w":-0.9937843084335327},"size":5.304720878601074,"orthographic":false}