{"cameraMode":{"drawMode":0,"name":"Shaded","section":"Shading Mode"},"sceneLighting":false,"audioPlay":false,"sceneViewState":{"showFog":true,"showMaterialUpdate":false,"showSkybox":false,"showFlares":true,"showImageEffects":true,"showParticleSystems":true},"in2DMode":false,"pivot":{"x":107.0,"y":84.9000015258789,"z":176.4499053955078},"rotation":{"x":0.05526643991470337,"y":-0.7035447955131531,"z":0.05849192291498184,"w":0.7065103054046631},"size":5.682279109954834,"orthographic":false}