{"cameraMode":{"drawMode":0,"name":"Shaded","section":"Shading Mode"},"sceneLighting":false,"audioPlay":false,"sceneViewState":{"showFog":true,"showMaterialUpdate":false,"showSkybox":false,"showFlares":true,"showImageEffects":true,"showParticleSystems":true},"in2DMode":false,"pivot":{"x":-25.670198440551759,"y":2.450000047683716,"z":-14.74460220336914},"rotation":{"x":-0.10550075769424439,"y":0.5740182399749756,"z":-0.07534829527139664,"w":-0.8086191415786743},"size":0.3061862289905548,"orthographic":false}