{"cameraMode":{"drawMode":0,"name":"Shaded","section":"Shading Mode"},"sceneLighting":false,"audioPlay":false,"sceneViewState":{"showFog":true,"showMaterialUpdate":false,"showSkybox":false,"showFlares":true,"showImageEffects":true,"showParticleSystems":true},"in2DMode":false,"pivot":{"x":-1.0193939208984376,"y":2.2139651775360109,"z":0.9139212369918823},"rotation":{"x":-0.040117427706718448,"y":0.8384945392608643,"z":0.062332283705472949,"w":0.5399543642997742},"size":0.32767489552497866,"orthographic":false}