{"cameraMode":{"drawMode":0,"name":"Shaded","section":"Shading Mode"},"sceneLighting":false,"audioPlay":false,"sceneViewState":{"showFog":true,"showMaterialUpdate":false,"showSkybox":false,"showFlares":true,"showImageEffects":true,"showParticleSystems":true},"in2DMode":false,"pivot":{"x":-27.484333038330079,"y":1.7600507736206055,"z":8.20340633392334},"rotation":{"x":-0.051199812442064288,"y":0.1504591405391693,"z":-0.007796855177730322,"w":-0.9873189330101013},"size":4.197594165802002,"orthographic":false}