{"cameraMode":{"drawMode":0,"name":"Shaded","section":"Shading Mode"},"sceneLighting":false,"audioPlay":false,"sceneViewState":{"showFog":true,"showMaterialUpdate":false,"showSkybox":false,"showFlares":true,"showImageEffects":true,"showParticleSystems":true},"in2DMode":false,"pivot":{"x":-0.7046088576316834,"y":9.626153945922852,"z":-1.9711189270019532},"rotation":{"x":0.03946929797530174,"y":-0.7759820222854614,"z":-0.6277445554733276,"w":-0.04867827892303467},"size":4.913437843322754,"orthographic":false}