{"cameraMode":{"drawMode":0,"name":"Shaded","section":"Shading Mode"},"sceneLighting":false,"audioPlay":false,"sceneViewState":{"showFog":true,"showMaterialUpdate":true,"showSkybox":false,"showFlares":true,"showImageEffects":true,"showParticleSystems":true},"in2DMode":false,"pivot":{"x":-6.2928972244262699,"y":0.9581946134567261,"z":255.91700744628907},"rotation":{"x":-0.3625660836696625,"y":-0.27414679527282717,"z":0.11237738281488419,"w":-0.8837031126022339},"size":2.86575984954834,"orthographic":false}