{"cameraMode":{"drawMode":0,"name":"Shaded","section":"Shading Mode"},"sceneLighting":false,"audioPlay":false,"sceneViewState":{"showFog":true,"showMaterialUpdate":false,"showSkybox":false,"showFlares":true,"showImageEffects":true,"showParticleSystems":true},"in2DMode":false,"pivot":{"x":0.032851383090019229,"y":-0.06983055174350739,"z":-0.00910632498562336},"rotation":{"x":0.13699795305728913,"y":0.5272560715675354,"z":-0.08664929121732712,"w":0.8341652154922485},"size":0.3276747763156891,"orthographic":false}