{"cameraMode":{"drawMode":0,"name":"Shaded","section":"Shading Mode"},"sceneLighting":false,"audioPlay":false,"sceneViewState":{"showFog":true,"showMaterialUpdate":false,"showSkybox":false,"showFlares":true,"showImageEffects":true,"showParticleSystems":true},"in2DMode":false,"pivot":{"x":-3.156221389770508,"y":0.0,"z":1.9308736324310303},"rotation":{"x":0.12265551090240479,"y":0.19047948718070985,"z":-0.024039192125201227,"w":0.9737571477890015},"size":12.12435531616211,"orthographic":false}