{"cameraMode":{"drawMode":0,"name":"Shaded","section":"Shading Mode"},"sceneLighting":false,"audioPlay":false,"sceneViewState":{"showFog":true,"showMaterialUpdate":false,"showSkybox":false,"showFlares":true,"showImageEffects":true,"showParticleSystems":true},"in2DMode":false,"pivot":{"x":-26.77813720703125,"y":1.7410001754760743,"z":4.168109893798828},"rotation":{"x":0.07284143567085266,"y":-0.9127447009086609,"z":0.1867486834526062,"w":0.3561013638973236},"size":1.5128668546676636,"orthographic":false}