{"cameraMode":{"drawMode":0,"name":"Shaded","section":"Shading Mode"},"sceneLighting":true,"audioPlay":false,"sceneViewState":{"showFog":true,"showMaterialUpdate":true,"showSkybox":true,"showFlares":true,"showImageEffects":true,"showParticleSystems":true},"in2DMode":false,"pivot":{"x":-32.84149169921875,"y":-4.131844520568848,"z":7.782641887664795},"rotation":{"x":0.24261103570461274,"y":-0.527731716632843,"z":0.16080908477306367,"w":0.7981088161468506},"size":8.190746307373047,"orthographic":false}