{"cameraMode":{"drawMode":0,"name":"Shaded","section":"Shading Mode"},"sceneLighting":false,"audioPlay":false,"sceneViewState":{"showFog":true,"showMaterialUpdate":true,"showSkybox":false,"showFlares":true,"showImageEffects":true,"showParticleSystems":true},"in2DMode":false,"pivot":{"x":0.032851383090019229,"y":7.530169486999512,"z":3.5708937644958498},"rotation":{"x":0.0011786968680098653,"y":-0.05924598500132561,"z":-0.00022347862250171602,"w":-0.998329222202301},"size":0.3276748061180115,"orthographic":false}