{"cameraMode":{"drawMode":0,"name":"Shaded","section":"Shading Mode"},"sceneLighting":false,"audioPlay":false,"sceneViewState":{"showFog":true,"showMaterialUpdate":false,"showSkybox":false,"showFlares":true,"showImageEffects":true,"showParticleSystems":true},"in2DMode":false,"pivot":{"x":-0.5532369613647461,"y":0.17109602689743043,"z":-2.2343649864196779},"rotation":{"x":0.12265551090240479,"y":0.19047948718070985,"z":-0.024039192125201227,"w":0.9737571477890015},"size":0.9000173807144165,"orthographic":false}