{"cameraMode":{"drawMode":0,"name":"Shaded","section":"Shading Mode"},"sceneLighting":false,"audioPlay":false,"sceneViewState":{"showFog":true,"showMaterialUpdate":false,"showSkybox":false,"showFlares":true,"showImageEffects":true,"showParticleSystems":true},"in2DMode":false,"pivot":{"x":0.0000011920928955078126,"y":-0.5000056028366089,"z":0.0},"rotation":{"x":-0.3820347487926483,"y":-0.4078468382358551,"z":0.19417963922023774,"w":-0.8064372539520264},"size":5.678893089294434,"orthographic":false}