{"cameraMode":{"drawMode":0,"name":"Shaded","section":"Shading Mode"},"sceneLighting":false,"audioPlay":false,"sceneViewState":{"showFog":true,"showMaterialUpdate":false,"showSkybox":false,"showFlares":true,"showImageEffects":true,"showParticleSystems":true},"in2DMode":false,"pivot":{"x":1.605774164199829,"y":3.5331904888153078,"z":13.924749374389649},"rotation":{"x":0.012682967819273472,"y":-0.28155776858329775,"z":-0.0036301887594163419,"w":-0.95955890417099},"size":2.601571798324585,"orthographic":false}