{"cameraMode":{"drawMode":0,"name":"Shaded","section":"Shading Mode"},"sceneLighting":true,"audioPlay":false,"sceneViewState":{"showFog":true,"showMaterialUpdate":false,"showSkybox":false,"showFlares":true,"showImageEffects":true,"showParticleSystems":true},"in2DMode":false,"pivot":{"x":-31.49175453186035,"y":3.929877281188965,"z":-0.7999999523162842},"rotation":{"x":-0.01152670755982399,"y":-0.9903005957603455,"z":0.11155520379543305,"w":-0.08903837203979492},"size":3.77931547164917,"orthographic":false}