{"cameraMode":{"drawMode":0,"name":"Shaded","section":"Shading Mode"},"sceneLighting":true,"audioPlay":false,"sceneViewState":{"showFog":true,"showMaterialUpdate":false,"showSkybox":true,"showFlares":true,"showImageEffects":true,"showParticleSystems":true},"in2DMode":false,"pivot":{"x":387.8876953125,"y":209.25369262695313,"z":-5247.80419921875},"rotation":{"x":-0.009425737895071507,"y":-0.6898853778839111,"z":0.013893479481339455,"w":-0.7242897152900696},"size":23.865966796875,"orthographic":true}